CMIP6 Compund Name,CF Standard Name,Physical Parameter,Units,Title,Description
3hr.evspsblsoi,water_evaporation_flux_from_soil,evspsblsoi,kg m-2 s-1,Water evaporation from soil,Water evaporation from soil
3hr.evspsblveg,water_evaporation_flux_from_canopy,evspsblveg,kg m-2 s-1,Evaporation from canopy,Evaporation from canopy
3hr.hfdsl,surface_downward_heat_flux_in_air,hfdsl,W m-2,Ground heat flux at 3hr,Ground heat flux at 3hr
3hr.mrro,runoff_flux,mrro,kg m-2 s-1,Total Runoff,"the total runoff (including ""drainage"" through the base of the soil model) leaving the land portion of the grid cell divided by the land area in the grid cell, averaged over the 3-hour interval."
3hr.mrros,surface_runoff_flux,mrros,kg m-2 s-1,Surface Runoff,surface_runoff_flux
3hr.mrso100,mass_content_of_water_in_soil_layer,mrso100,kg m-2,Soil moisture in the top 1 m of the soil column,Soil moisture at 3hr but for 0-1m
3hr.mrsos,mass_content_of_water_in_soil_layer,mrsos,kg m-2,Moisture in Upper Portion of Soil Column,the mass of water in all phases in a thin surface soil layer.
3hr.srfrad,surface_net_downward_radiative_flux,srfrad,W m-2,Net radiative flux at surface,Net radiative flux at surface
3hr.tran,transpiration_flux,tran,kg m-2 s-1,Transpiration,Transpiration
3hr.tslsi,surface_temperature,tslsi,K,Surface Temperature Where Land or Sea Ice,"Surface temperature of all surfaces except open ocean, sampled synoptically."
E1hr.tas,air_temperature,tas,K,Hourly Temperature at Surface,Hourly Temperature at 2m above the surface
E1hr.tasSouth30,air_temperature,tas,K,Hourly Temperature at Surface,Hourly Temperature at 2m above the surface
Eday.dcw,change_over_time_in_canopy_water_amount,dcw,kg m-2,Change in Interception Storage,change_over_time_in_canopy_water_amount
Eday.dgw,change_over_time_in_groundwater_amount,dgw,kg m-2,Change in Groundwater,change_over_time_in_groundwater
Eday.drivw,change_over_time_in_river_water_amount,drivw,kg m-2,Change in River Storage,Change in River Storage
Eday.dslw,change_over_time_in_mass_content_of_water_in_soil,dslw,kg m-2,Change in Soil Moisture,Change in Soil Moisture
Eday.dsn,change_over_time_in_amount_of_ice_and_snow_on_land,dsn,kg m-2,Change in Snow Water Equivalent,Change in Snow Water Equivalent
Eday.dsw,change_over_time_in_land_water_amount,dsw,kg m-2,Change in Surface Water Storage,Change in Surface Water Storage
Eday.esn,water_evapotranspiration_flux,esn,kg m-2 s-1,Snow Evaporation,The flux due to conversion of liquid or solid water into vapor at the surface where there is snow on land
Eday.evspsblpot,water_potential_evaporation_flux,evspsblpot,kg m-2 s-1,Potential Evapotranspiration,water_potential_evapotranspiration_flux
Eday.evspsblsoi,water_evaporation_flux_from_soil,evspsblsoi,kg m-2 s-1,Daily water evaporation flux from soil,"Water evaporation flux from soil but for daily averages i.e., the evspsblsoi variable, which is only currently defined for monthly averages"
Eday.evspsblveg,water_evaporation_flux_from_canopy,evspsblveg,kg m-2 s-1,Daily water evaporation flux from canopy,The same as the current variable evspsblveg but defined on daily timescales.
Eday.gppVgt,gross_primary_productivity_of_biomass_expressed_as_carbon,gppVgt,kg m-2 s-1,Gross Primary Production on Vegetation type as Carbon Mass Flux [kgC m-2 s-1],"The rate of synthesis of biomass from inorganic precursors by autotrophs (""producers"") expressed as the mass of carbon which it contains. For example, photosynthesis in plants or phytoplankton. The producers also respire some of this biomass and the difference is referred to as the net primary production. Reported on land-use tiles."
Eday.lai,leaf_area_index,lai,1,Leaf Area Index,A ratio obtained by dividing the total upper leaf surface area of vegetation by the (horizontal) surface area of the land on which it grows.
Eday.laiVgt,leaf_area_index,laiVgt,1,Leaf Area Index on Vegetation type,A ratio obtained by dividing the total upper leaf surface area of vegetation by the (horizontal) surface area of the land on which it grows.
Eday.mrrob,subsurface_runoff_flux,mrrob,kg m-2 s-1,Subsurface Runoff,subsurface_runoff_flux
Eday.mrros,surface_runoff_flux,mrros,kg m-2 s-1,Surface Runoff,surface_runoff_flux
Eday.mrsfl,frozen_water_content_of_soil_layer,mrsfl,kg m-2,Frozen Water Content of Soil Layer,"in each soil layer, the mass of water in ice phase.  Reported as ""missing"" for grid cells occupied entirely by ""sea"""
Eday.mrsll,liquid_water_content_of_soil_layer,mrsll,kg m-2,Liquid Water Content of Soil Layer,"in each soil layer, the mass of water in liquid phase.  Reported as ""missing"" for grid cells occupied entirely by ""sea"""
Eday.mrsol,mass_content_of_water_in_soil_layer,mrsol,kg m-2,Total Water Content of Soil Layer,"in each soil layer, the mass of water in all phases, including ice.  Reported as ""missing"" for grid cells occupied entirely by ""sea"""
Eday.mrsow,volume_fraction_of_condensed_water_in_soil_at_field_capacity,mrsow,1,Total Soil Wetness,relative_soil_moisture_content_above_field_capacity
Eday.mrtws,land_water_amount,mrtws,kg m-2,Terrestrial Water Storage,canopy_and_surface_and_subsurface_water_amount
Eday.nppVgt,net_primary_productivity_of_biomass_expressed_as_carbon,nppVgt,kg m-2 s-1,Net Primary Production on Vegetation type as Carbon Mass Flux [kgC m-2 s-1],"""Production of carbon"" means the production of biomass expressed as the mass of carbon which it contains. Net primary production is the excess of gross primary production (rate of synthesis of biomass from inorganic precursors) by autotrophs (""producers""), for example, photosynthesis in plants or phytoplankton, over the rate at which the autotrophs themselves respire some of this biomass. ""Productivity"" means production per unit area. The phrase ""expressed_as"" is used in the construction A_expressed_as_B, where B is a chemical constituent of A. It means that the quantity indicated by the standard name is calculated solely with respect to the B contained in A, neglecting all other chemical constituents of A."
Eday.qgwr,downward_liquid_water_mass_flux_into_groundwater,qgwr,kg m-2 s-1,Groundwater Recharge from Soil Layer,water_flux_from_soil_layer_to_groundwater
Eday.raVgt,surface_upward_mass_flux_of_carbon_dioxide_expressed_as_carbon_due_to_plant_respiration,raVgt,kg m-2 s-1,Autotrophic Respiration on Vegetation type as Carbon Mass Flux [kgC m-2 s-1],Carbon mass flux per unit area into atmosphere due to autotrophic respiration on land (respiration by producers) [see rh for heterotrophic production]. Calculated on vegetation type.
Eday.rhVgt,surface_upward_mass_flux_of_carbon_dioxide_expressed_as_carbon_due_to_heterotrophic_respiration,rhVgt,kg m-2 s-1,Heterotrophic Respiration on Vegetation type as Carbon Mass Flux [kgC m-2 s-1],"Carbon mass flux per unit area into atmosphere due to heterotrophic respiration on land (respiration by consumers), calculated on vegetation type."
Eday.rivi,incoming_water_volume_transport_along_river_channel,rivi,m3 s-1,River Inflow,water_flux_to_downstream
Eday.rivo,outgoing_water_volume_transport_along_river_channel,rivo,m3 s-1,River Discharge,water_flux_from_upstream
Eday.rzwc,mass_content_of_water_in_soil_layer_defined_by_root_depth,rzwc,kg m-2,Root Zone Soil Moisture,water_content_of_root_zone
Eday.sw,land_surface_liquid_water_amount,sw,kg m-2,Surface Water Storage,"Total liquid water storage, other than soil, snow or interception storage (i.e. lakes, river channel or depression storage)."
Eday.tsl,soil_temperature,tsl,K,Temperature of Soil,"Temperature of each soil layer.  Reported as ""missing"" for grid cells occupied entirely by ""sea""."
Eday.wtd,water_table_depth,wtd,m,Water Table Depth,depth_of_soil_moisture_saturation
Efx.slthick,cell_thickness,slthick,m,Thickness of Soil Layers,Thickness of Soil Layers
Emon.albc,canopy_albedo,albc,1,Canopy Albedo,Canopy Albedo
Emon.c13Land,mass_content_of_13C_in_vegetation_and_litter_and_soil_and_forestry_and_agricultural_products,c13Land,kg m-2,Mass of 13C in All Terrestrial Carbon Pools,"Carbon-13 mass content per unit area in vegetation (any living plants e.g. trees, shrubs, grass), litter (dead plant material in or above the soil), soil, and forestry and agricultural products (e.g. paper, cardboard, furniture, timber for construction, biofuels and food for both humans and livestock)."
Emon.c13Litter,litter_mass_content_of_13C,c13Litter,kg m-2,Mass of 13C in Litter Pool,Carbon-13 mass content per unit area litter (dead plant material in or above the soil).
Emon.c13Soil,soil_mass_content_of_13C,c13Soil,kg m-2,Mass of 13C in Soil Pool,Carbon-13 mass content per unit area in soil.
Emon.c13Veg,vegetation_mass_content_of_13C,c13Veg,kg m-2,Mass of 13C in Vegetation,"Carbon-13 mass content per unit area in vegetation (any living plants e.g. trees, shrubs, grass)."
Emon.c14Land,mass_content_of_14C_in_vegetation_and_litter_and_soil_and_forestry_and_agricultural_products,c14Land,kg m-2,Mass of 14C in All Terrestrial Carbon Pools,"Carbon-14 mass content per unit area in vegetation (any living plants e.g. trees, shrubs, grass), litter (dead plant material in or above the soil), soil, and forestry and agricultural products (e.g. paper, cardboard, furniture, timber for construction, biofuels and food for both humans and livestock)."
Emon.c14Litter,litter_mass_content_of_14C,c14Litter,kg m-2,Mass of 14C in Litter Pool,Carbon-14 mass content per unit area litter (dead plant material in or above the soil).
Emon.c14Soil,soil_mass_content_of_14C,c14Soil,kg m-2,Mass of 14C in Soil Pool,Carbon-14 mass content per unit area in soil.
Emon.c14Veg,vegetation_mass_content_of_14C,c14Veg,kg m-2,Mass of 14C in Vegetation,only requested for DECK HIST
Emon.cLand,mass_content_of_carbon_in_vegetation_and_litter_and_soil_and_forestry_and_agricultural_products,cLand,kg m-2,Total Carbon in All Terrestrial Carbon Pools,Report missing data over ocean grid cells. For fractional land report value averaged over the land fraction.
Emon.cLitterCwd,wood_debris_mass_content_of_carbon,cLitterCwd,kg m-2,Carbon Mass in Coarse Woody Debris,"""Content"" indicates a quantity per unit area. ""Wood debris"" means dead organic matter composed of coarse wood. It is distinct from fine litter. The precise distinction between ""fine"" and ""coarse"" is model dependent."
Emon.cLitterSubSurf,subsurface_litter_mass_content_of_carbon,cLitterSubSurf,kg m-2,Carbon Mass in Below-Ground Litter,subsurface litter pool fed by root inputs.
Emon.cLitterSurf,surface_litter_mass_content_of_carbon,cLitterSurf,kg m-2,Carbon Mass in Above-Ground Litter,Surface or near-surface litter pool fed by leaf and above-ground litterfall
Emon.cOther,miscellaneous_living_matter_mass_content_of_carbon,cOther,kg m-2,"Carbon Mass in Vegetation Components Other than Leaves, Stems and Roots","E.g. fruits, seeds, etc."
Emon.cSoil,soil_mass_content_of_carbon,cSoil,kg m-2,Carbon Mass in Model Soil Pool,Carbon mass in the full depth of the soil model.
Emon.cSoilAbove1m,carbon_mass_content_of_soil_layer,cSoilAbove1m,kg m-2,Carbon Mass in Soil Pool Above 1m Depth,Report missing data over ocean grid cells. For fractional land report value averaged over the land fraction.
Emon.cSoilLevels,carbon_mass_content_of_soil_layer,cSoilLevels,kg m-2,Carbon Mass in Each Model Soil Level (Summed over All Soil Carbon Pools in That Level),"for models with vertically discretised soil carbon, report total soil carbon for each level"
Emon.cSoilPools,soil_mass_content_of_carbon,cSoilPools,kg m-2,Carbon Mass in Each Model Soil Pool (Summed over Vertical Levels),"For models with multiple soil carbon pools, report each pool here. If models also have vertical discretisation these should be aggregated"
Emon.cStem,stem_mass_content_of_carbon,cStem,kg m-2,Carbon Mass in Stem,including sapwood and hardwood.
Emon.cVegGrass,vegetation_carbon_content,cVegGrass,kg m-2,Carbon Mass in Vegetation on Grass Tiles,"""Content"" indicates a quantity per unit area. ""Vegetation"" means any plants e.g. trees, shrubs, grass. Plants are autotrophs i.e. ""producers"" of biomass using carbon obtained from carbon dioxide."
Emon.cVegShrub,vegetation_carbon_content,cVegShrub,kg m-2,Carbon Mass in Vegetation on Shrub Tiles,"""Content"" indicates a quantity per unit area. ""Vegetation"" means any plants e.g. trees, shrubs, grass. Plants are autotrophs i.e. ""producers"" of biomass using carbon obtained from carbon dioxide."
Emon.cVegTree,vegetation_carbon_content,cVegTree,kg m-2,Carbon Mass in Vegetation on Tree Tiles,"""Content"" indicates a quantity per unit area. ""Vegetation"" means any plants e.g. trees, shrubs, grass. Plants are autotrophs i.e. ""producers"" of biomass using carbon obtained from carbon dioxide."
Emon.cnc,vegetation_area_fraction,cnc,%,Canopy Covered Area Percentage,Canopy covered fraction
Emon.cropFracC3,area_fraction,cropFracC3,%,Percentage Cover by C3 Crops,Percentage of entire grid cell covered by C3 crops
Emon.cropFracC4,area_fraction,cropFracC4,%,Percentage Cover by C4 Crops,Percentage of entire grid cell covered by C4 crops
Emon.evspsblpot,water_potential_evaporation_flux,evspsblpot,kg m-2 s-1,Potential Evapotranspiration,at surface; potential flux of water into the atmosphere due to conversion of both liquid and solid phases to vapor (from underlying surface and vegetation)
Emon.fAnthDisturb,surface_upward_mass_flux_of_carbon_dioxide_expressed_as_carbon_due_to_anthropogenic_land_use_or_land_cover_change_excluding_forestry_and_agricultural_products,fAnthDisturb,kg m-2 s-1,"Carbon Mass Flux from Vegetation, Litter or Soil Pools into the Atmosphere Due to any Human Activity [kgC m-2 s-1]","Anthropogenic flux of carbon as carbon dioxide into the atmosphere. That is, emissions influenced, caused, or created by human activity. Anthropogenic emission of carbon dioxide includes fossil fuel use, cement production, agricultural burning and sources associated with anthropogenic land use change, except forest regrowth."
Emon.fBNF,tendency_of_soil_and_vegetation_mass_content_of_nitrogen_compounds_expressed_as_nitrogen_due_to_fixation,fBNF,kg m-2 s-1,Biological Nitrogen Fixation,The fixation (uptake of nitrogen gas directly from the atmosphere) of nitrogen due to biological processes.
Emon.fCLandToOcean,mass_flux_of_carbon_into_sea_water_from_rivers,fCLandToOcean,kg m-2 s-1,Lateral Transfer of Carbon out of Grid Cell That Eventually Goes into Ocean,leached carbon etc that goes into run off or river routing and finds its way into ocean should be reported here.
Emon.fDeforestToAtmos,surface_net_upward_mass_flux_of_carbon_dioxide_expressed_as_carbon_due_to_emission_from_anthropogenic_land_use_change,fDeforestToAtmos,kg m-2 s-1,Deforested Biomass That Goes into Atmosphere as a Result of Anthropogenic Land-Use Change [kgC m-2 s-1],"When land use change results in deforestation of natural vegetation (trees or grasslands) then natural biomass is removed. The treatment of deforested biomass differs significantly across models, but it should be straight-forward to compare deforested biomass across models."
Emon.fDeforestToProduct,carbon_mass_flux_into_forestry_and_agricultural_products_due_to_anthropogenic_land_use_or_land_cover_change,fDeforestToProduct,kg m-2 s-1,Deforested Biomass That Goes into Product Pool as a Result of Anthropogenic Land-Use Change,"When land use change results in deforestation of natural vegetation (trees or grasslands) then natural biomass is removed. The treatment of deforested biomass differs significantly across models, but it should be straight-forward to compare deforested biomass across models."
Emon.fFireAll,surface_upward_mass_flux_of_carbon_dioxide_expressed_as_carbon_due_to_emission_from_fires,fFireAll,kg m-2 s-1,Carbon Mass Flux into Atmosphere Due to CO2 Emission from Fire Including All Sources [kgC m-2 s-1],"From all sources,  Including natural, anthropogenic and Land-use change. Only total fire emissions can be compared to observations."
Emon.fFireNat,surface_upward_mass_flux_of_carbon_dioxide_expressed_as_carbon_due_to_emission_from_natural_fires,fFireNat,kg m-2 s-1,Carbon Mass Flux into Atmosphere Due to CO2 Emission from Natural Fire [kgC m-2 s-1],CO2 emissions from natural fires
Emon.fHarvestToAtmos,surface_upward_mass_flux_of_carbon_dioxide_expressed_as_carbon_due_to_emission_from_crop_harvesting,fHarvestToAtmos,kg m-2 s-1,Harvested Biomass That Goes Straight into Atmosphere as Carbon Mass Flux [kgC m-2 s-1],any harvested carbon that is assumed to decompose immediately into the atmosphere is reported here
Emon.fHarvestToProduct,mass_flux_of_carbon_into_forestry_and_agricultural_products_due_to_crop_harvesting,fHarvestToProduct,kg m-2 s-1,Harvested Biomass That Goes into Product Pool,"be it food or wood harvest, any carbon that is subsequently stored is reported here"
Emon.fLitterFire,surface_upward_mass_flux_of_carbon_dioxide_expressed_as_carbon_due_to_emission_from_litter_in_fires,fLitterFire,kg m-2 s-1,"Carbon Mass Flux from Litter, CWD or any non-Living Pool into Atmosphere Due to CO2 Emission from All Fire [kgC m-2 s-1]","Required for unambiguous separation of vegetation and soil + litter turnover times, since total fire flux draws from both sources"
Emon.fLuc,surface_net_upward_mass_flux_of_carbon_dioxide_expressed_as_carbon_due_to_emission_from_anthropogenic_land_use_change,fLuc,kg m-2 s-1,Net Carbon Mass Flux into Atmosphere Due to Land-Use Change [kgC m-2 s-1],Net Carbon Mass Flux into Atmosphere due to Land Use Change
Emon.fLulccAtmLut,surface_upward_mass_flux_of_carbon_dioxide_expressed_as_carbon_due_to_anthropogenic_land_use_or_land_cover_change_excluding_forestry_and_agricultural_products,fLulccAtmLut,kg m-2 s-1,Carbon Transferred Directly to Atmosphere Due to any Land-Use or Land-Cover Change Activities [kgC m-2 s-1],"This annual mean flux refers to the transfer of carbon directly to the atmosphere due to any land-use or land-cover change activities.  Include carbon transferred due to deforestation or agricultural directly into atmosphere, and  emissions form anthropogenic pools into atmosphere"
Emon.fN2O,surface_upward_mass_flux_of_nitrous_oxide_expressed_as_nitrogen_out_of_vegetation_and_litter_and_soil,fN2O,kg m-2 s-1,Total Land N2O Flux,"Surface upward flux of nitrous oxide (N2O) from vegetation (any living plants e.g. trees, shrubs, grass), litter (dead plant material in or above the soil), soil."
Emon.fNAnthDisturb,tendency_of_atmosphere_mass_content_of_nitrogen_compounds_expressed_as_nitrogen_due_to_anthropogenic_emission,fNAnthDisturb,kg m-2 s-1,Nitrogen Mass Flux out of Land Due to any Human Activity,"will require some careful definition to make sure we capture everything - any human activity that releases nitrogen from land  instead of into product pool goes here. E.g. Deforestation fire, harvest assumed to decompose straight away, grazing..."
Emon.fNLandToOcean,mass_flux_of_nitrogen_compounds_expressed_as_nitrogen_into_sea_from_rivers,fNLandToOcean,kg m-2 s-1,Lateral Transfer of Nitrogen out of Grid Cell That Eventually Goes into Ocean,leached nitrogen etc that goes into run off or river routing and finds its way into ocean should be reported here.
Emon.fNLitterSoil,nitrogen_mass_flux_into_soil_from_litter,fNLitterSoil,kg m-2 s-1,Total Nitrogen Mass Flux from Litter to Soil,"In accordance with common usage in geophysical disciplines, ""flux"" implies per unit area, called ""flux density"" in physics. ""Litter"" is dead plant material in or above the soil."
Emon.fNOx,surface_upward_mass_flux_of_nox_expressed_as_nitrogen_out_of_vegetation_and_litter_and_soil,fNOx,kg m-2 s-1,Total Land NOx Flux,"The surface called ""surface"" means the lower boundary of the atmosphere. ""Upward"" indicates a vector component which is positive when directed upward (negative downward). In accordance with common usage in geophysical disciplines, ""flux"" implies per unit area, called ""flux density"" in physics. The phrase ""expressed_as"" is used in the construction A_expressed_as_B, where B is a chemical constituent of A. It means that the quantity indicated by the standard name is calculated solely with respect to the B contained in A, neglecting all other chemical constituents of A. ""Nox"" means a combination of two radical species containing nitrogen and oxygen NO+NO2. ""Vegetation"" means any living plants e.g. trees, shrubs, grass. ""Litter"" is dead plant material in or above the soil."
Emon.fNProduct,nitrogen_mass_flux_into_forestry_and_agricultural_products_due_to_anthropogenic_land_use_or_land_cover_change,fNProduct,kg m-2 s-1,Deforested or Harvested Biomass as a Result of Anthropogenic Land-Use or Change,"When land use change results in deforestation of natural vegetation (trees or grasslands) then natural biomass is removed. The treatment of deforested biomass differs significantly across models, but it should be straight-forward to compare deforested biomass across models."
Emon.fNVegLitter,nitrogen_mass_flux_into_litter_from_vegetation,fNVegLitter,kg m-2 s-1,Total Nitrogen Mass Flux from Vegetation to Litter,"In accordance with common usage in geophysical disciplines, ""flux"" implies per unit area, called ""flux density"" in physics. ""Litter"" is dead plant material in or above the soil. ""Vegetation"" means any living plants e.g. trees, shrubs, grass."
Emon.fNVegSoil,nitrogen_mass_flux_into_soil_from_vegetation_excluding_litter,fNVegSoil,kg m-2 s-1,Total Nitrogen Mass Flux from Vegetation Directly to Soil,"In some models part of nitrogen (e.g., root exudate) can go directly into the soil pool without entering litter."
Emon.fNdep,minus_tendency_of_atmosphere_mass_content_of_nitrogen_compounds_expressed_as_nitrogen_due_to_deposition,fNdep,kg m-2 s-1,Dry and Wet Deposition of Reactive Nitrogen onto Land,Surface deposition rate of nitrogen.
Emon.fNfert,tendency_of_soil_mass_content_of_nitrogen_compounds_expressed_as_nitrogen_due_to_fertilization,fNfert,kg m-2 s-1,Total Nitrogen Added for Cropland Fertilisation (Artificial and Manure),"Total Nitrogen added for cropland fertilisation (artificial and manure). Relative to total land area of a grid cell, not relative to agricultural area"
Emon.fNgas,surface_upward_mass_flux_of_nitrogen_compounds_expressed_as_nitrogen,fNgas,kg m-2 s-1,"Total Nitrogen Lost to the Atmosphere (Sum of NHx, NOx, N2O, N2)",Total flux of Nitrogen from the land into the atmosphere.
Emon.fNgasFire,surface_upward_mass_flux_of_nitrogen_compounds_expressed_as_nitrogen_due_to_emission_from_fires,fNgasFire,kg m-2 s-1,"Total Nitrogen Lost to the Atmosphere (Including NHx, NOx, N2O, N2) from Fire",Flux of Nitrogen from the land into the atmosphere due to fire
Emon.fNgasNonFire,surface_upward_mass_flux_of_nitrogen_compounds_expressed_as_nitrogen_due_to_all_land_processes_excluding_fires,fNgasNonFire,kg m-2 s-1,"Total Nitrogen Lost to the Atmosphere (Including NHx, NOx, N2O, N2) from All Processes Except Fire",Flux of Nitrogen from the land into the atmosphere due to all processes other than fire
Emon.fNleach,mass_flux_of_carbon_out_of_soil_due_to_leaching_and_runoff,fNleach,kg m-2 s-1,"Total Nitrogen Loss to Leaching or Runoff (Sum of Ammonium, Nitrite and Nitrate)","In accordance with common usage in geophysical disciplines, ""flux"" implies per unit area, called ""flux density"" in physics. The specification of a physical process by the phrase ""due_to_"" process means that the quantity named is a single term in a sum of terms which together compose the general quantity named by omitting the phrase. ""Leaching"" means the loss of water soluble chemical species from soil. Runoff is the liquid water which drains from land. If not specified, ""runoff"" refers to the sum of surface runoff and subsurface drainage."
Emon.fNloss,surface_upward_mass_flux_of_nitrogen_compounds_expressed_as_nitrogen_out_of_vegetation_and_litter_and_soil,fNloss,kg m-2 s-1,"Total Nitrogen Lost (Including NHx, NOx, N2O, N2 and Leaching)",Not all models split losses into gaseous and leaching
Emon.fNnetmin,mass_flux_of_nitrogen_compounds_expressed_as_nitrogen_out_of_litter_and_soil_due_to_immobilisation_and_remineralization,fNnetmin,kg m-2 s-1,Net Nitrogen Release from Soil and Litter as the Outcome of Nitrogen Immobilisation and Gross Mineralisation,"Loss of soil nitrogen through remineralization and immobilisation. Remineralization is the degradation of organic matter into inorganic forms of carbon, nitrogen, phosphorus and other micronutrients, which consumes oxygen and releases energy. Immobilisation of nitrogen refers to retention of nitrogen by micro-organisms under certain conditions, making it unavailable for plants."
Emon.fNup,tendency_of_vegetation_mass_content_of_nitrogen_compounds_expressed_as_nitrogen_due_to_fixation,fNup,kg m-2 s-1,Total Plant Nitrogen Uptake (Sum of Ammonium and Nitrate) Irrespective of the Source of Nitrogen,The uptake of nitrogen by fixation: nitrogen fixation means the uptake of nitrogen gas directly from the atmosphere.
Emon.fProductDecomp,tendency_of_atmosphere_mass_content_of_carbon_dioxide_expressed_as_carbon_due_to_emission_from_forestry_and_agricultural_products,fProductDecomp,kg m-2 s-1,Decomposition out of Product Pools to CO2 in Atmosphere as Carbon Mass Flux [kgC m-2 s-1],"Flux of CO2 from product pools into the atmosphere. Examples of ""forestry and agricultural products"" are paper, cardboard, furniture, timber for construction, biofuels and food for both humans and livestock. Models that simulate land use changes have one or more pools of carbon that represent these products in order to conserve carbon and allow its eventual release into the atmosphere, for example, when the products decompose in landfill sites."
Emon.fVegFire,surface_upward_mass_flux_of_carbon_dioxide_expressed_as_carbon_due_to_emission_from_vegetation_in_fires,fVegFire,kg m-2 s-1,Carbon Mass Flux from Vegetation into Atmosphere Due to CO2 Emission from All Fire [kgC m-2 s-1],"Required for unambiguous separation of vegetation and soil + litter turnover times, since total fire flux draws from both sources"
Emon.fVegLitterMortality,mass_flux_of_carbon_into_litter_from_vegetation_due_to_mortality,fVegLitterMortality,kg m-2 s-1,Total Carbon Mass Flux from Vegetation to Litter as a Result of Mortality,needed to separate changing vegetation C turnover times resulting from changing allocation versus changing mortality
Emon.fVegLitterSenescence,mass_flux_of_carbon_into_litter_from_vegetation_due_to_senescence,fVegLitterSenescence,kg m-2 s-1,"Total Carbon Mass Flux from Vegetation to Litter as a Result of Leaf, Branch, and Root Senescence",needed to separate changing vegetation C turnover times resulting from changing allocation versus changing mortality
Emon.fVegSoilMortality,mass_flux_of_carbon_into_soil_from_vegetation_due_to_mortality,fVegSoilMortality,kg m-2 s-1,Total Carbon Mass Flux from Vegetation to Soil as a Result of Mortality,needed to separate changing vegetation C turnover times resulting from changing allocation versus changing mortality
Emon.fVegSoilSenescence,mass_flux_of_carbon_into_soil_from_vegetation_due_to_senescence,fVegSoilSenescence,kg m-2 s-1,"Total Carbon Mass Flux from Vegetation to Soil as a Result of Leaf, Branch, and Root Senescence",needed to separate changing vegetation C turnover times resulting from changing allocation versus changing mortality
Emon.fracLut,area_fraction,fracLut,%,Percentage of Grid Cell for Each Land-Use Tile,"End of month values (not monthly mean); note that percentage should be reported as percentage of land grid cell (example: frac_lnd = 0.5, frac_ocn = 0.5, frac_crop_lnd = 0.2 (of land portion of grid cell), then frac_lut(crop) = 0.5\*0.2 = 0.1)"
Emon.gppGrass,gross_primary_productivity_of_biomass_expressed_as_carbon,gppGrass,kg m-2 s-1,Gross Primary Production on Grass Tiles as Carbon Mass Flux [kgC m-2 s-1],Total GPP of grass in the grid cell
Emon.gppLut,gross_primary_productivity_of_biomass_expressed_as_carbon,gppLut,kg m-2 s-1,Gross Primary Production on Land-Use Tile as Carbon Mass Flux [kgC m-2 s-1],"The rate of synthesis of biomass from inorganic precursors by autotrophs (""producers"") expressed as the mass of carbon which it contains. For example, photosynthesis in plants or phytoplankton. The producers also respire some of this biomass and the difference is referred to as the net primary production. Reported on land-use tiles."
Emon.gppShrub,gross_primary_productivity_of_biomass_expressed_as_carbon,gppShrub,kg m-2 s-1,Gross Primary Production on Shrub Tiles as Carbon Mass Flux [kgC m-2 s-1],Total GPP of shrubs in the grid cell
Emon.gppTree,gross_primary_productivity_of_biomass_expressed_as_carbon,gppTree,kg m-2 s-1,Gross Primary Production on Tree Tiles as Carbon Mass Flux [kgC m-2 s-1],Total GPP of trees in the grid cell
Emon.gppc13,gross_primary_productivity_of_biomass_expressed_as_13C,gppc13,kg m-2 s-1,Carbon-13 Mass Flux out of Atmosphere Due to Gross Primary Production on Land [kgC m-2 s-1],"The rate of synthesis of carbon-13 in biomass from inorganic precursors by autotrophs (""producers"") expressed as the mass of carbon which it contains. For example, photosynthesis in plants or phytoplankton. The producers also respire some of this biomass and the difference is referred to as the net primary production."
Emon.gppc14,gross_primary_productivity_of_biomass_expressed_as_14C,gppc14,kg m-2 s-1,Carbon-14 Mass Flux out of Atmosphere Due to Gross Primary Production on Land [kgC m-2 s-1],"The rate of synthesis of carbon-14 in biomass from inorganic precursors by autotrophs (""producers"") expressed as the mass of carbon which it contains. For example, photosynthesis in plants or phytoplankton. The producers also respire some of this biomass and the difference is referred to as the net primary production."
Emon.grassFracC3,area_fraction,grassFracC3,%,C3 Natural Grass Area Percentage,Percentage of entire grid cell covered by C3 natural grass.
Emon.grassFracC4,area_fraction,grassFracC4,%,C4 Natural Grass Area Percentage,Percentage of entire grid cell covered by C4 natural grass.
Emon.hflsLut,surface_upward_latent_heat_flux,hflsLut,W m-2,Latent Heat Flux on Land-Use Tile,"The surface called ""surface"" means the lower boundary of the atmosphere. ""Upward"" indicates a vector component which is positive when directed upward (negative downward). The surface latent heat flux is the exchange of heat between the surface and the air on account of evaporation (including sublimation). In accordance with common usage in geophysical disciplines, ""flux"" implies per unit area, called ""flux density"" in physics."
Emon.hfssLut,surface_upward_sensible_heat_flux,hfssLut,W m-2,Sensible Heat Flux on Land-Use Tile,"Upward sensible heat flux on land use tiles. The surface sensible heat flux, also called turbulent heat flux, is the exchange of heat between the surface and the air by motion of air."
Emon.irrLut,surface_downward_mass_flux_of_water_due_to_irrigation,irrLut,kg m-2 s-1,"Irrigation Flux Including any Irrigation for Crops, Trees, Pasture, or Urban Lawns",Mass flux of water due to irrigation.
Emon.laiLut,leaf_area_index,laiLut,1,Leaf Area Index on Land-Use Tile,A ratio obtained by dividing the total upper leaf surface area of vegetation by the (horizontal) surface area of the land on which it grows.
Emon.mrsfl,frozen_water_content_of_soil_layer,mrsfl,kg m-2,Frozen Water Content of Soil Layer,"in each soil layer, the mass of water in ice phase.  Reported as ""missing"" for grid cells occupied entirely by ""sea"""
Emon.mrsll,liquid_water_content_of_soil_layer,mrsll,kg m-2,Liquid Water Content of Soil Layer,"in each soil layer, the mass of water in liquid phase.  Reported as ""missing"" for grid cells occupied entirely by ""sea"""
Emon.mrsol,mass_content_of_water_in_soil_layer,mrsol,kg m-2,Total Water Content of Soil Layer,"in each soil layer, the mass of water in all phases, including ice.  Reported as ""missing"" for grid cells occupied entirely by ""sea"""
Emon.mrsosLut,mass_content_of_water_in_soil_layer,mrsosLut,kg m-2,Moisture in Upper Portion of Soil Column of Land-Use Tile,the mass of water in all phases in a thin surface layer; integrate over uppermost 10cm
Emon.mrtws,land_water_amount,mrtws,kg m-2,Terrestrial Water Storage,"requested for C4MIP, OCMIP/OMIP, LUMIP, ScenarioMIP, DECK, DAMIP, GeoMIP, LS3MIP, ??"
Emon.nLand,mass_content_of_nitrogen_in_vegetation_and_litter_and_soil_and_forestry_and_agricultural_products,nLand,kg m-2,Total Nitrogen in All Terrestrial Nitrogen Pools,Report missing data over ocean grid cells. For fractional land report value averaged over the land fraction.
Emon.nLeaf,leaf_mass_content_of_nitrogen,nLeaf,kg m-2,Nitrogen Mass in Leaves,"""Content"" indicates a quantity per unit area."
Emon.nLitter,litter_mass_content_of_nitrogen,nLitter,kg m-2,Nitrogen Mass in Litter Pool,Report missing data over ocean grid cells. For fractional land report value averaged over the land fraction.
Emon.nLitterCwd,wood_debris_mass_content_of_nitrogen,nLitterCwd,kg m-2,Nitrogen Mass in Coarse Woody Debris,"""Content"" indicates a quantity per unit area. ""Wood debris"" means dead organic matter composed of coarse wood. It is distinct from fine litter. The precise distinction between ""fine"" and ""coarse"" is model dependent. The sum of the quantities with standard names wood_debris_mass_content_of_nitrogen, surface_litter_mass_content_of_nitrogen and subsurface_litter_mass_content_of_nitrogen is the total nitrogen mass content of dead plant material."
Emon.nLitterSubSurf,subsurface_litter_mass_content_of_nitrogen,nLitterSubSurf,kg m-2,Nitrogen Mass in Below-Ground Litter (non CWD),"""Content"" indicates a quantity per unit area. ""Litter"" is dead plant material in or above the soil. It is distinct from coarse wood debris. The precise distinction between ""fine"" and ""coarse"" is model dependent. ""Subsurface litter"" means the part of the litter mixed within the soil below the surface. The sum of the quantities with standard names wood_debris_mass_content_of_nitrogen, surface_litter_mass_content_of_nitrogen and subsurface_litter_mass_content_of_nitrogen is the total nitrogen mass content of dead plant material."
Emon.nLitterSurf,surface_litter_mass_content_of_nitrogen,nLitterSurf,kg m-2,Nitrogen Mass in Above-Ground Litter (non CWD),"""Content"" indicates a quantity per unit area. ""Litter"" is dead plant material in or above the soil. It is distinct from coarse wood debris. The precise distinction between ""fine"" and ""coarse"" is model dependent. ""Surface litter"" means the part of the litter resting above the soil surface. The sum of the quantities with standard names wood_debris_mass_content_of_nitrogen, surface_litter_mass_content_of_nitrogen and subsurface_litter_mass_content_of_nitrogen is the total nitrogen mass content of dead plant material."
Emon.nMineral,soil_mass_content_of_inorganic_nitrogen_expressed_as_nitrogen,nMineral,kg m-2,Mineral Nitrogen in the Soil,"SUM of ammonium, nitrite, nitrate, etc over all soil layers"
Emon.nMineralNH4,soil_mass_content_of_inorganic_ammonium_expressed_as_nitrogen,nMineralNH4,kg m-2,Mineral Ammonium in the Soil,SUM of ammonium over all soil layers
Emon.nMineralNO3,soil_mass_content_of_inorganic_nitrate_expressed_as_nitrogen,nMineralNO3,kg m-2,Mineral Nitrate in the Soil,SUM of nitrate over all soil layers
Emon.nOther,miscellaneous_living_matter_mass_content_of_nitrogen,nOther,kg m-2,"Nitrogen Mass in Vegetation Components Other than Leaves, Stem and Root","E.g. fruits, seeds, etc."
Emon.nProduct,nitrogen_mass_content_of_forestry_and_agricultural_products,nProduct,kg m-2,Nitrogen Mass in Products of Land-Use Change,Report missing data over ocean grid cells. For fractional land report value averaged over the land fraction.
Emon.nRoot,root_mass_content_of_nitrogen,nRoot,kg m-2,Nitrogen Mass in Roots,including fine and coarse roots.
Emon.nSoil,soil_mass_content_of_nitrogen,nSoil,kg m-2,Nitrogen Mass in Soil Pool,Report missing data over ocean grid cells. For fractional land report value averaged over the land fraction.
Emon.nStem,stem_mass_content_of_nitrogen,nStem,kg m-2,Nitrogen Mass in Stem,including sapwood and hardwood.
Emon.nVeg,vegetation_mass_content_of_nitrogen,nVeg,kg m-2,Nitrogen Mass in Vegetation,Report missing data over ocean grid cells. For fractional land report value averaged over the land fraction.
Emon.nbpLut,surface_net_downward_mass_flux_of_carbon_dioxide_expressed_as_carbon_due_to_all_land_processes,nbpLut,kg m-2 s-1,Net Carbon Mass Flux into Land-Use Tile [kgC m-2 s-1],"Computed as npp minus heterotrophic respiration minus fire minus C leaching minus harvesting/clearing. Positive rate is into the land, negative rate is from the land.  Do not include fluxes from anthropogenic product pools to atmosphere"
Emon.nep,surface_net_downward_mass_flux_of_carbon_dioxide_expressed_as_carbon_due_to_all_land_processes_excluding_anthropogenic_land_use_change,nep,kg m-2 s-1,Net Carbon Mass Flux out of Atmosphere Due to Net Ecosystem Productivity on Land [kgC m-2 s-1],Net Ecosystem Exchange
Emon.netAtmosLandC13Flux,surface_net_downward_mass_flux_of_carbon_dioxide_expressed_as_13C_due_to_all_land_processes,netAtmosLandC13Flux,kg m-2 s-1,Net Mass Flux of 13C Between Atmosphere and Land (Positive into Land) as a Result of All Processes [kgC m-2 s-1],"Flux of carbon 31as carbon dioxide into the land. This flux should be reproducible by differencing the sum of all carbon pools (cVeg, cLitter, cSoil, and cProducts or equivalently cLand) from one time step to the next, except in the case of lateral transfer of carbon due to harvest, riverine transport of dissolved organic and/or inorganic carbon, or any other process (in which case the lateral_carbon_transfer_over_land term, see below, will be zero data).-"
Emon.netAtmosLandC14Flux,surface_net_downward_mass_flux_of_carbon_dioxide_expressed_as_14C_due_to_all_land_processes,netAtmosLandC14Flux,kg m-2 s-1,Net Mass Flux of 14C Between Atmosphere and Land (Positive into Land) as a Result of All Processes [kgC m-2 s-1],"Flux of carbon-14 as carbon dioxide into the land. This flux should be reproducible by differencing the sum of all carbon pools (cVeg, cLitter, cSoil, and cProducts or equivalently cLand) from one time step to the next, except in the case of lateral transfer of carbon due to harvest, riverine transport of dissolved organic and/or inorganic carbon, or any other process (in which case the lateral_carbon_transfer_over_land term, see below, will be zero data)."
Emon.nppGrass,net_primary_productivity_of_biomass_expressed_as_carbon,nppGrass,kg m-2 s-1,Net Primary Production on Grass Tiles as Carbon Mass Flux [kgC m-2 s-1],Total NPP of grass in the grid cell
Emon.nppLut,net_primary_productivity_of_biomass_expressed_as_carbon,nppLut,kg m-2 s-1,Net Primary Production on Land-Use Tile as Carbon Mass Flux [kgC m-2 s-1],"""Production of carbon"" means the production of biomass expressed as the mass of carbon which it contains. Net primary production is the excess of gross primary production (rate of synthesis of biomass from inorganic precursors) by autotrophs (""producers""), for example, photosynthesis in plants or phytoplankton, over the rate at which the autotrophs themselves respire some of this biomass. ""Productivity"" means production per unit area. The phrase ""expressed_as"" is used in the construction A_expressed_as_B, where B is a chemical constituent of A. It means that the quantity indicated by the standard name is calculated solely with respect to the B contained in A, neglecting all other chemical constituents of A."
Emon.nppOther,net_primary_productivity_of_biomass_expressed_as_carbon_accumulated_in_miscellaneous_living_matter,nppOther,kg m-2 s-1,Net Primary Production Allocated to Other Pools (not Leaves Stem or Roots) as Carbon Mass Flux [kgC m-2 s-1],added for completeness with npp_root
Emon.nppShrub,net_primary_productivity_of_biomass_expressed_as_carbon,nppShrub,kg m-2 s-1,Net Primary Production on Shrub Tiles as Carbon Mass Flux [kgC m-2 s-1],Total NPP of shrubs in the grid cell
Emon.nppStem,net_primary_productivity_of_biomass_expressed_as_carbon_accumulated_in_stems,nppStem,kg m-2 s-1,Net Primary Production Allocated to Stem as Carbon Mass Flux [kgC m-2 s-1],added for completeness with npp_root
Emon.nppTree,net_primary_productivity_of_biomass_expressed_as_carbon,nppTree,kg m-2 s-1,Net Primary Production on Tree Tiles as Carbon Mass Flux [kgC m-2 s-1],Total NPP of trees in the grid cell
Emon.pastureFracC3,area_fraction,pastureFracC3,%,C3 Pasture Area Percentage,Percentage of entire grid cell covered by C3 pasture
Emon.pastureFracC4,area_fraction,pastureFracC4,%,C4 Pasture Area Percentage,Percentage of entire grid cell covered by C4 pasture
Emon.raGrass,surface_upward_mass_flux_of_carbon_dioxide_expressed_as_carbon_due_to_plant_respiration,raGrass,kg m-2 s-1,Autotrophic Respiration on Grass Tiles as Carbon Mass Flux [kgC m-2 s-1],Total RA of grass in the grid cell
Emon.raLeaf,surface_upward_mass_flux_of_carbon_dioxide_expressed_as_carbon_due_to_plant_respiration_in_leaves,raLeaf,kg m-2 s-1,Total Respiration from Leaves as Carbon Mass Flux [kgC m-2 s-1],added for completeness with Ra_root
Emon.raLut,surface_upward_mass_flux_of_carbon_dioxide_expressed_as_carbon_due_to_plant_respiration,raLut,kg m-2 s-1,Autotrophic Respiration on Land-Use Tile as Carbon Mass Flux [kgC m-2 s-1],Carbon mass flux per unit area into atmosphere due to autotrophic respiration on land (respiration by producers) [see rh for heterotrophic production]. Calculated on land-use tiles.
Emon.raOther,surface_upward_mass_flux_of_carbon_dioxide_expressed_as_carbon_due_to_plant_respiration_in_miscellaneous_living_matter,raOther,kg m-2 s-1,Total Respiration from Other Pools (not Leaves Stem or Roots) as Carbon Mass Flux [kgC m-2 s-1],added for completeness with Ra_root
Emon.raRoot,surface_upward_mass_flux_of_carbon_dioxide_expressed_as_carbon_due_to_plant_respiration_in_roots,raRoot,kg m-2 s-1,Total Respiration from Roots as Carbon Mass Flux [kgC m-2 s-1],Total autotrophic respiration from all belowground plant parts.  This has benchmarking value because the sum of Rh and root respiration can be compared to observations of total soil respiration.
Emon.raShrub,surface_upward_mass_flux_of_carbon_dioxide_expressed_as_carbon_due_to_plant_respiration,raShrub,kg m-2 s-1,Autotrophic Respiration on Shrub Tiles as Carbon Mass Flux [kgC m-2 s-1],Total RA of shrubs in the grid cell
Emon.raStem,surface_upward_mass_flux_of_carbon_dioxide_expressed_as_carbon_due_to_plant_respiration_in_stems,raStem,kg m-2 s-1,Total Respiration from Stem as Carbon Mass Flux [kgC m-2 s-1],added for completeness with Ra_root
Emon.raTree,surface_upward_mass_flux_of_carbon_dioxide_expressed_as_carbon_due_to_plant_respiration,raTree,kg m-2 s-1,Autotrophic Respiration on Tree Tiles as Carbon Mass Flux [kgC m-2 s-1],Total RA of trees in the grid cell
Emon.rac13,surface_upward_mass_flux_of_carbon_dioxide_expressed_as_13C_due_to_plant_respiration,rac13,kg m-2 s-1,Carbon-13 Mass Flux into Atmosphere Due to Autotrophic (Plant) Respiration on Land [kgC m-2 s-1],Flux of carbon-13 into the atmosphere due to plant respiration. Plant respiration is the sum of respiration by parts of plants both above and below the soil. It is assumed that all the respired carbon dioxide is emitted to the atmosphere.
Emon.rac14,surface_upward_mass_flux_of_carbon_dioxide_expressed_as_14C_due_to_plant_respiration,rac14,kg m-2 s-1,Carbon-14 Mass Flux into Atmosphere Due to Autotrophic (Plant) Respiration on Land [kgC m-2 s-1],Flux of carbon-14 into the atmosphere due to plant respiration. Plant respiration is the sum of respiration by parts of plants both above and below the soil. It is assumed that all the respired carbon dioxide is emitted to the atmosphere.
Emon.rhGrass,surface_upward_mass_flux_of_carbon_dioxide_expressed_as_carbon_due_to_heterotrophic_respiration,rhGrass,kg m-2 s-1,Heterotrophic Respiration on Grass Tiles as Carbon Mass Flux [kgC m-2 s-1],Total RH of grass in the grid cell
Emon.rhLitter,surface_upward_mass_flux_of_carbon_due_to_heterotrophic_respiration_in_litter,rhLitter,kg m-2 s-1,Carbon Mass Flux into Atmosphere Due to Heterotrophic Respiration from Litter on Land,Needed to calculate litter bulk turnover time. Includes respiration from CWD as well.
Emon.rhLut,surface_upward_mass_flux_of_carbon_dioxide_expressed_as_carbon_due_to_heterotrophic_respiration,rhLut,kg m-2 s-1,Heterotrophic Respiration on Land-Use Tile as Carbon Mass Flux [kgC m-2 s-1],"Carbon mass flux per unit area into atmosphere due to heterotrophic respiration on land (respiration by consumers), calculated on land-use tiles."
Emon.rhShrub,surface_upward_mass_flux_of_carbon_dioxide_expressed_as_carbon_due_to_heterotrophic_respiration,rhShrub,kg m-2 s-1,Heterotrophic Respiration on Shrub Tiles as Carbon Mass Flux [kgC m-2 s-1],Total RH of shrubs in the grid cell
Emon.rhSoil,surface_upward_mass_flux_of_carbon_due_to_heterotrophic_respiration_in_soil,rhSoil,kg m-2 s-1,Carbon Mass Flux into Atmosphere Due to Heterotrophic Respiration from Soil on Land,Needed to calculate soil bulk turnover time
Emon.rhTree,surface_upward_mass_flux_of_carbon_dioxide_expressed_as_carbon_due_to_heterotrophic_respiration,rhTree,kg m-2 s-1,Heterotrophic Respiration on Tree Tiles as Carbon Mass Flux [kgC m-2 s-1],Total RH of trees in the grid cell
Emon.rhc13,surface_upward_mass_flux_of_carbon_dioxide_expressed_as_13C_due_to_heterotrophic_respiration,rhc13,kg m-2 s-1,Carbon-13 Mass Flux into Atmosphere Due to Heterotrophic Respiration on Land [kgC m-2 s-1],"Heterotrophic respiration is respiration by heterotrophs (""consumers""), which are organisms (including animals and decomposers) that consume other organisms or dead organic material, rather than synthesising organic material from inorganic precursors using energy from the environment (especially sunlight) as autotrophs (""producers"") do. Heterotrophic respiration goes on within both the soil and litter pools."
Emon.rhc14,surface_upward_mass_flux_of_carbon_dioxide_expressed_as_14C_due_to_heterotrophic_respiration,rhc14,kg m-2 s-1,Carbon-14 Mass Flux into Atmosphere Due to Heterotrophic Respiration on Land [kgC m-2 s-1],"Heterotrophic respiration is respiration by heterotrophs (""consumers""), which are organisms (including animals and decomposers) that consume other organisms or dead organic material, rather than synthesising organic material from inorganic precursors using energy from the environment (especially sunlight) as autotrophs (""producers"") do. Heterotrophic respiration goes on within both the soil and litter pools."
Emon.rsds,surface_downwelling_shortwave_flux_in_air,rsds,W m-2,Surface Downwelling Shortwave Radiation over Land,Surface Downwelling Shortwave Radiation over land. Can be used for computation of surface albedo.
Emon.rsdss,surface_downwelling_shortwave_flux_in_air,rsdss,W m-2,Surface Downwelling Shortwave Radiation over Snow,Surface Downwelling Shortwave Radiation over the portion of a land grid cell covered by snow but not by ice. Can be used for computation of surface albedo.
Emon.rsus,surface_upwelling_shortwave_flux_in_air,rsus,W m-2,Surface Upwelling Shortwave Radiation over Land,Surface Upwelling Shortwave Radiation over land. Can be used for computation of surface albedo.
Emon.rsuss,surface_upwelling_shortwave_flux_in_air,rsuss,W m-2,Surface Upwelling Shortwave Radiation over Snow,Surface Upwelling Shortwave Radiation over the portion of a land grid cell covered by snow. Can be used for computation of surface albedo.
Emon.sweLut,lwe_thickness_of_surface_snow_amount,sweLut,m,Snow Water Equivalent on Land-Use Tile,"The surface called ""surface"" means the lower boundary of the atmosphere. ""lwe"" means liquid water equivalent. ""Amount"" means mass per unit area. The construction lwe_thickness_of_X_amount or _content means the vertical extent of a layer of liquid water having the same mass per unit area. Surface amount refers to the amount on the ground, excluding that on the plant or vegetation canopy."
Emon.tasLut,air_temperature,tasLut,K,Near-Surface Air Temperature on Land Use Tile,"Air temperature is the bulk temperature of the air, not the surface (skin) temperature."
Emon.treeFracBdlDcd,area_fraction,treeFracBdlDcd,%,Broadleaf Deciduous Tree Area Percentage,This is the percentage of the entire grid cell that is covered by broadleaf deciduous trees.
Emon.treeFracBdlEvg,area_fraction,treeFracBdlEvg,%,Broadleaf Evergreen Tree Area Percentage,This is the percentage of the entire grid cell that is covered by broadleaf evergreen trees.
Emon.treeFracNdlDcd,area_fraction,treeFracNdlDcd,%,Needleleaf Deciduous Tree Area Percentage,This is the percentage of the entire grid cell that is covered by needleleaf deciduous trees.
Emon.treeFracNdlEvg,area_fraction,treeFracNdlEvg,%,Needleleaf Evergreen Tree Area Percentage,This is the percentage of the entire grid cell that is covered by needleleaf evergreen trees.
Emon.tslsiLut,surface_temperature,tslsiLut,K,Surface Temperature on Landuse Tile,Surface temperature (i.e. temperature at which long-wave radiation emitted)
Emon.vegFrac,area_fraction,vegFrac,%,Total Vegetated Percentage Cover,"Percentage of grid cell that is covered by vegetation.This SHOULD be the sum of tree, grass (natural and pasture), crop and shrub fractions."
Emon.vegHeight,canopy_height,vegHeight,m,Height of the Vegetation Canopy,Vegetation height averaged over all vegetation types and over the vegetated fraction of a grid cell.
Emon.vegHeightGrass,canopy_height,vegHeightGrass,m,Height of Grass,Vegetation height averaged over the grass fraction of a grid cell.
Emon.vegHeightShrub,canopy_height,vegHeightShrub,m,Height of Shrubs,Vegetation height averaged over the shrub fraction of a grid cell.
Emon.vegHeightTree,canopy_height,vegHeightTree,m,Height of Trees,Vegetation height averaged over the tree fraction of a grid cell.
Emon.wetlandCH4,surface_net_upward_mass_flux_of_methane_due_to_emission_from_wetland_biological_processes,wetlandCH4,kg m-2 s-1,Grid Averaged Methane Emissions from Wetlands,"Net upward flux of methane (NH4) from wetlands (areas where water covers the soil, or is present either at or near the surface of the soil all year or for varying periods of time during the year, including during the growing season)."
Emon.wetlandCH4cons,surface_downward_mass_flux_of_methane_due_to_wetland_biological_consumption,wetlandCH4cons,kg m-2 s-1,Grid Averaged Methane Consumption (Methanotrophy) from Wetlands,"Biological consumption (methanotrophy) of methane (NH4) by wetlands (areas where water covers the soil, or is present either at or near the surface of the soil all year or for varying periods of time during the year, including during the growing season)."
Emon.wetlandCH4prod,surface_upward_mass_flux_of_methane_due_to_emission_from_wetland_biological_production,wetlandCH4prod,kg m-2 s-1,Grid Averaged Methane Production (Methanogenesis) from Wetlands,"Biological emissions (methanogenesis) of methane (NH4) from wetlands (areas where water covers the soil, or is present either at or near the surface of the soil all year or for varying periods of time during the year, including during the growing season)."
Emon.wetlandFrac,area_fraction,wetlandFrac,%,Wetland Percentage Cover,"Percentage of grid cell covered by wetland. Report only one year if  fixed percentage is used, or time series if values are determined dynamically."
Eyr.baresoilFrac,area_fraction,baresoilFrac,%,Bare Soil Percentage Area Coverage,Percentage of entire grid cell  that is covered by bare soil.
Eyr.cLitterLut,litter_mass_content_of_carbon,cLitterLut,kg m-2,Carbon  in Above and Below-Ground Litter Pools on Land-Use Tiles,end of year values (not annual mean)
Eyr.cProductLut,carbon_mass_content_of_forestry_and_agricultural_products,cProductLut,kg m-2,Wood and Agricultural Product Pool Carbon Associated with Land-Use Tiles,"Anthropogenic pools associated with land use tiles into which harvests and cleared carbon are deposited before release into atmosphere PLUS any remaining anthropogenic pools that may be associated with lands which were converted into land use tiles during reported period. Examples of products include paper, cardboard, timber for construction, and crop harvest for food or fuel. Does NOT include residue which is deposited into soil or litter; end of year values (not annual mean)."
Eyr.cSoilLut,soil_mass_content_of_carbon,cSoilLut,kg m-2,Carbon in Soil Pool on Land-Use Tiles,end of year values (not annual mean)
Eyr.cVegLut,vegetation_carbon_content,cVegLut,kg m-2,Carbon in Vegetation on Land-Use Tiles,end of year values (not annual mean)
Eyr.cropFrac,area_fraction,cropFrac,%,Percentage Crop Cover,Percentage of entire grid cell  that is covered by crop.
Eyr.fracInLut,area_fraction,fracInLut,%,Annual Gross Percentage That Was Transferred into This Tile from Other Land-Use Tiles,Cumulative percentage transitions over the year; note that percentage should be reported as a percentage of atmospheric grid cell
Eyr.fracLut,area_fraction,fracLut,%,Percentage of Grid Cell for Each Land-Use Tile,"End of year values (not annual mean); note that percentage should be reported as percentage of land grid cell (example: frac_lnd = 0.5, frac_ocn = 0.5, frac_crop_lnd = 0.2 (of land portion of grid cell), then frac_lut(crop) = 0.5\*0.2 = 0.1)"
Eyr.fracOutLut,area_fraction,fracOutLut,%,Annual Gross Percentage of Land-Use Tile That Was Transferred into Other Land-Use Tiles,Cumulative percentage transitions over the year; note that percentage should be reported as percentage of atmospheric grid cell
Eyr.grassFrac,area_fraction,grassFrac,%,Natural Grass Area Percentage,Percentage of entire grid cell that is covered by natural grass.
Eyr.residualFrac,area_fraction,residualFrac,%,Percentage of Grid Cell That Is Land but neither Vegetation Covered nor Bare Soil,"Percentage of entire grid cell  that is land and is covered by  neither vegetation nor bare-soil (e.g., urban, ice, lakes, etc.)"
Eyr.shrubFrac,area_fraction,shrubFrac,%,Percentage Cover by Shrub,Percentage of entire grid cell  that is covered by shrub.
Eyr.treeFrac,area_fraction,treeFrac,%,Tree Cover Percentage,Percentage of entire grid cell  that is covered by trees.
Eyr.vegFrac,area_fraction,vegFrac,%,Total Vegetated Percentage Cover,"Percentage of grid cell that is covered by vegetation.This SHOULD be the sum of tree, grass (natural and pasture), crop and shrub fractions."
IfxAnt.areacellg,cell_area,areacellg,m2,Grid-Cell Area for Ice Sheet Variables,"Cell areas any grid used to report ice sheet variables. These cell areas should be defined to enable exact calculation of area integrals (e.g., of vertical fluxes of energy at the surface and top of the atmosphere)"
IfxGre.areacellg,cell_area,areacellg,m2,Grid-Cell Area for Ice Sheet Variables,"Cell areas any grid used to report ice sheet variables. These cell areas should be defined to enable exact calculation of area integrals (e.g., of vertical fluxes of energy at the surface and top of the atmosphere)"
ImonAnt.orog,surface_altitude,orog,m,Surface Altitude,"The surface called ""surface"" means the lower boundary of the atmosphere. Altitude is the (geometric) height above the geoid, which is the reference geopotential surface. The geoid is similar to mean sea level."
ImonGre.orog,surface_altitude,orog,m,Surface Altitude,"The surface called ""surface"" means the lower boundary of the atmosphere. Altitude is the (geometric) height above the geoid, which is the reference geopotential surface. The geoid is similar to mean sea level."
IyrAnt.orog,surface_altitude,orog,m,Surface Altitude,This is needed in case the ice sheet elevation changes in time
IyrAnt.sftgif,land_ice_area_fraction,sftgif,%,Land Ice Area Percentage,This is needed in case the ice sheet area changes in time
IyrGre.orog,surface_altitude,orog,m,Surface Altitude,This is needed in case the ice sheet elevation changes in time
IyrGre.sftgif,land_ice_area_fraction,sftgif,%,Land Ice Area Percentage,This is needed in case the ice sheet area changes in time
LImon.sftgif,land_ice_area_fraction,sftgif,%,Land Ice Area Percentage,"Percentage of grid cell covered by land ice (ice sheet, ice shelf, ice cap, glacier)"
Lmon.baresoilFrac,area_fraction,baresoilFrac,%,Bare Soil Percentage Area Coverage,Percentage of entire grid cell  that is covered by bare soil.
Lmon.burntFractionAll,area_fraction,burntFractionAll,%,Percentage of Entire Grid Cell That Is Covered by Burnt Vegetation (All Classes),Percentage of grid cell burned due to all fires including natural and anthropogenic fires and those associated with anthropogenic land use change
Lmon.c3PftFrac,area_fraction,c3PftFrac,%,Percentage Cover by C3 Plant Functional Type,"Percentage of entire grid cell  that is covered by C3 PFTs (including grass, crops, and trees)."
Lmon.c4PftFrac,area_fraction,c4PftFrac,%,Percentage Cover by C4 Plant Functional Type,Percentage of entire grid cell  that is covered by C4 PFTs (including grass and crops).
Lmon.cGeologicStorage,carbon_mass_content_of_geological_storage,cGeologicStorage,kg m-2,Carbon Mass in Geologic Storage,Mass of carbon that has been intentionally sequestered in geologic storage. The definition of geologic storage here is that it be stored for periods of time that are long as compared to the simulation.
Lmon.cLeaf,leaf_mass_content_of_carbon,cLeaf,kg m-2,Carbon Mass in Leaves,Carbon mass per unit area in leaves.
Lmon.cLitter,litter_mass_content_of_carbon,cLitter,kg m-2,Carbon Mass in Litter Pool,"""Litter"" is dead plant material in or above the soil. It is distinct from coarse wood debris. The precise distinction between ""fine"" and ""coarse"" is model dependent. ""Content"" indicates a quantity per unit area. The sum of the quantities with standard names surface_litter_mass_content_of_carbon and subsurface_litter_mass_content_of_carbon has the standard name litter_mass_content_of_carbon."
Lmon.cProduct,carbon_mass_content_of_forestry_and_agricultural_products,cProduct,kg m-2,Carbon Mass in Products of Land-Use Change,Carbon mass per unit area in that has been removed from the environment through  land use change.
Lmon.cRoot,root_mass_content_of_carbon,cRoot,kg m-2,Carbon Mass in Roots,including fine and coarse roots.
Lmon.cVeg,vegetation_carbon_content,cVeg,kg m-2,Carbon Mass in Vegetation,Carbon mass per unit area in vegetation.
Lmon.cropFrac,area_fraction,cropFrac,%,Percentage Crop Cover,Percentage of entire grid cell  that is covered by crop.
Lmon.evspsblsoi,water_evaporation_flux_from_soil,evspsblsoi,kg m-2 s-1,Water Evaporation from Soil,includes sublimation.
Lmon.evspsblveg,water_evaporation_flux_from_canopy,evspsblveg,kg m-2 s-1,Evaporation from Canopy,the canopy evaporation+sublimation (if present in model).
Lmon.fFire,surface_upward_mass_flux_of_carbon_dioxide_expressed_as_carbon_due_to_emission_from_fires_excluding_anthropogenic_land_use_change,fFire,kg m-2 s-1,Carbon Mass Flux into Atmosphere Due to CO2 Emission from Fire Excluding Land-Use Change [kgC m-2 s-1],"CO2 emissions (expressed as a carbon mass flux) from natural fires + human ignition fires as calculated by the fire module of the DGVM, but excluding any CO2 flux from fire included in fLuc, defined below (CO2 Flux to Atmosphere from Land Use Change)."
Lmon.fHarvestToGeologicStorage,mass_flux_of_carbon_from_biomass_into_geological_storage,fHarvestToGeologicStorage,kg m-2 s-1,Harvested Biomass That Goes into Geological Storage,"Flux of carbon harvested from biomass that goes into geologic storage for the purposes of intentional carbon dioxide removal, via efforts such as bioenergy with carbon capture and storage (BECCS) or biomass removal and storage (BiCRS). The definition of geologic storage here is that the resulting carbon be  stored for a period of time that is long relative to that of the simulation."
Lmon.fLitterSoil,carbon_mass_flux_into_soil_from_litter,fLitterSoil,kg m-2 s-1,Total Carbon Mass Flux from Litter to Soil,Carbon mass flux per unit area into soil from litter (dead plant material in or above the soil).
Lmon.fVegLitter,mass_flux_of_carbon_into_litter_from_vegetation,fVegLitter,kg m-2 s-1,Total Carbon Mass Flux from Vegetation to Litter,"In accordance with common usage in geophysical disciplines, ""flux"" implies per unit area, called ""flux density"" in physics. ""Vegetation"" means any living plants e.g. trees, shrubs, grass. ""Litter"" is dead plant material in or above the soil. It is distinct from coarse wood debris. The precise distinction between ""fine"" and ""coarse"" is model dependent. The sum of the quantities with standard names mass_flux_of_carbon_into_litter_from_vegetation_due_to_mortality and mass_flux_of_carbon_into_litter_from_vegetation_due_to_senescence is mass_flux_of_carbon_into_litter_from_vegetation."
Lmon.fVegSoil,carbon_mass_flux_into_soil_from_vegetation_excluding_litter,fVegSoil,kg m-2 s-1,Total Carbon Mass Flux from Vegetation Directly to Soil,"In some models part of carbon (e.g., root exudate) can go directly into the soil pool without entering litter."
Lmon.gpp,gross_primary_productivity_of_biomass_expressed_as_carbon,gpp,kg m-2 s-1,Carbon Mass Flux out of Atmosphere Due to Gross Primary Production on Land [kgC m-2 s-1],"The rate of synthesis of biomass from inorganic precursors by autotrophs (""producers"") expressed as the mass of carbon which it contains. For example, photosynthesis in plants or phytoplankton. The producers also respire some of this biomass and the difference is referred to as the net primary production."
Lmon.grassFrac,area_fraction,grassFrac,%,Natural Grass Area Percentage,Percentage of entire grid cell that is covered by natural grass.
Lmon.lai,leaf_area_index,lai,1,Leaf Area Index,A ratio obtained by dividing the total upper leaf surface area of vegetation by the (horizontal) surface area of the land on which it grows.
Lmon.landCoverFrac,area_fraction,landCoverFrac,%,Percentage of Area by Vegetation or Land-Cover Category,"The categories may differ from model to model, depending on their  PFT definitions.   This may include natural PFTs, anthropogenic PFTs, bare soil, lakes, urban areas, etc.   Sum of all should equal the fraction of the grid-cell that is land."
Lmon.mrro,runoff_flux,mrro,kg m-2 s-1,Total Runoff,"the total runoff (including ""drainage"" through the base of the soil model) leaving the land portion of the grid cell."
Lmon.mrros,surface_runoff_flux,mrros,kg m-2 s-1,Surface Runoff,the total surface runoff leaving the land portion of the grid cell.
Lmon.mrso,mass_content_of_water_in_soil,mrso,kg m-2,Total Soil Moisture Content,the mass per unit area  (summed over all soil layers) of water in all phases.
Lmon.mrsos,mass_content_of_water_in_soil_layer,mrsos,kg m-2,Moisture in Upper Portion of Soil Column,the mass of water in all phases in a thin surface soil layer.
Lmon.nbp,surface_net_downward_mass_flux_of_carbon_dioxide_expressed_as_carbon_due_to_all_land_processes,nbp,kg m-2 s-1,Carbon Mass Flux out of Atmosphere Due to Net Biospheric Production on Land [kgC m-2 s-1],"This is the net mass flux of carbon between land and atmosphere calculated as photosynthesis MINUS the sum of  plant and soil respiration, carbonfluxes  from fire, harvest, grazing  and land use change. Positive flux  is into the land."
Lmon.npp,net_primary_productivity_of_biomass_expressed_as_carbon,npp,kg m-2 s-1,Net Primary Production on Land as Carbon Mass Flux [kgC m-2 s-1],"""Production of carbon"" means the production of biomass expressed as the mass of carbon which it contains. Net primary production is the excess of gross primary production (rate of synthesis of biomass from inorganic precursors) by autotrophs (""producers""), for example, photosynthesis in plants or phytoplankton, over the rate at which the autotrophs themselves respire some of this biomass. ""Productivity"" means production per unit area. The phrase ""expressed_as"" is used in the construction A_expressed_as_B, where B is a chemical constituent of A. It means that the quantity indicated by the standard name is calculated solely with respect to the B contained in A, neglecting all other chemical constituents of A."
Lmon.nppLeaf,net_primary_productivity_of_biomass_expressed_as_carbon_accumulated_in_leaves,nppLeaf,kg m-2 s-1,Net Primary Production Allocated to Leaves as Carbon Mass Flux [kgC m-2 s-1],This is the rate of carbon uptake by leaves due to NPP
Lmon.nppRoot,net_primary_productivity_of_biomass_expressed_as_carbon_accumulated_in_roots,nppRoot,kg m-2 s-1,Net Primary Production Allocated to Roots as Carbon Mass Flux [kgC m-2 s-1],This is the rate of carbon uptake by roots due to NPP
Lmon.pastureFrac,area_fraction,pastureFrac,%,Percentage of Land Which Is Anthropogenic Pasture,fraction of entire grid cell  that is covered by anthropogenic pasture.
Lmon.prveg,precipitation_flux_onto_canopy,prveg,kg m-2 s-1,Precipitation onto Canopy,the precipitation flux that is intercepted by the vegetation canopy (if present in model) before reaching the ground.
Lmon.ra,surface_upward_mass_flux_of_carbon_dioxide_expressed_as_carbon_due_to_plant_respiration,ra,kg m-2 s-1,Carbon Mass Flux into Atmosphere Due to Autotrophic (Plant) Respiration on Land [kgC m-2 s-1],Carbon mass flux per unit area into atmosphere due to autotrophic respiration on land (respiration by producers) [see rh for heterotrophic production]
Lmon.residualFrac,area_fraction,residualFrac,%,Percentage of Grid Cell That Is Land but neither Vegetation Covered nor Bare Soil,"fraction of entire grid cell  that is land and is covered by ""non-vegetation"" and ""non-bare-soil"" (e.g., urban, ice, lakes, etc.)"
Lmon.rh,surface_upward_mass_flux_of_carbon_dioxide_expressed_as_carbon_due_to_heterotrophic_respiration,rh,kg m-2 s-1,Total Heterotrophic Respiration on Land as Carbon Mass Flux [kgC m-2 s-1],Carbon mass flux per unit area into atmosphere due to heterotrophic respiration on land (respiration by consumers)
Lmon.shrubFrac,area_fraction,shrubFrac,%,Percentage Cover by Shrub,fraction of entire grid cell  that is covered by shrub.
Lmon.tran,transpiration_flux,tran,kg m-2 s-1,Transpiration,Transpiration (may include dew formation as a negative flux).
Lmon.treeFrac,area_fraction,treeFrac,%,Tree Cover Percentage,fraction of entire grid cell  that is covered by trees.
Lmon.tsl,soil_temperature,tsl,K,Temperature of Soil,"Temperature of each soil layer.  Reported as ""missing"" for grid cells occupied entirely by ""sea""."
day.irrDem,surface_downward_mass_flux_of_water_due_to_irrigation,irrDem,kg m-2 s-1,irrigation water demand,the total amount of irrigation water demand
day.irrGw,surface_downward_mass_flux_of_water_due_to_irrigation,irrGw,kg m-2 s-1,irrigation water withdrawal from groundwater,"the amount of water withdrawal for irrigation from ground water, including deep soil water, confined and unconfined aquifer, etc"
day.irrLut,surface_downward_mass_flux_of_water_due_to_irrigation,irrLut,kg m-2 s-1,irrigation water withdrawal,the total amount of water withdrawal from multiple sources
day.irrSurf,surface_downward_mass_flux_of_water_due_to_irrigation,irrSurf,kg m-2 s-1,irrigation water withdrawal from surface water,"the amount of water withdrawal for irrigation from surface water, including rivers, lakes, reservoirs, etc.)"
day.mrro,runoff_flux,mrro,kg m-2 s-1,Total Runoff,"computed as the total runoff (including ""drainage"" through the base of the soil model) leaving the land portion of the grid cell divided by the land area in the grid cell."
day.mrso,mass_content_of_water_in_soil,mrso,kg m-2,Total Soil Moisture Content,the mass per unit area  (summed over all soil layers) of water in all phases.
day.mrsos,mass_content_of_water_in_soil_layer,mrsos,kg m-2,Moisture in Upper Portion of Soil Column,the mass of water in all phases in a thin surface soil layer.
day.tslsi,surface_temperature,tslsi,K,Surface Temperature Where Land or Sea Ice,Surface temperature of all surfaces except open ocean.
fx.areacellr,cell_area,areacellr,m2,Grid-Cell Area for River Model Variables,"Cell areas for any grid used to report river model variables (may be the same as for atmospheric variables). These cell areas should be defined to enable exact calculation of area integrals (e.g., of vertical fluxes of energy at the surface and top of the atmosphere)."
fx.depthl,depth,depthl,m,Depth of Lake Below the Surface,"Depth of lakes, if this quantity is present in the model. If computed via volume and area, then this is lake volume divided by lake area."
fx.depthsl,depth,depthsl,m,Total (Cumulative) Thickness of All Soil Layers,Total (cumulative) thickness of all soil layers. This is the sum of individual thicknesses of all soil layers.
fx.mrsofc,soil_moisture_content_at_field_capacity,mrsofc,kg m-2,Capacity of Soil to Store Water (Field Capacity),"reported ""where land"": divide the total water holding capacity of all the soil in the grid cell by the land area in the grid cell;  reported as ""missing"" where the land fraction is 0."
fx.orog,surface_altitude,orog,m,Surface Altitude,"height above the geoid; as defined here, ""the geoid"" is a surface of constant geopotential that, if the ocean were at rest, would coincide with mean sea level. Under this definition, the geoid changes as the mean volume of the ocean changes (e.g., due to glacial melt, or global warming of the ocean).  Reported here is the height above the present-day geoid (0.0 over ocean)."
fx.orogSouth30,surface_altitude,orog,m,Surface Altitude,"height above the geoid; as defined here, ""the geoid"" is a surface of constant geopotential that, if the ocean were at rest, would coincide with mean sea level. Under this definition, the geoid changes as the mean volume of the ocean changes (e.g., due to glacial melt, or global warming of the ocean).  Reported here is the height above the present-day geoid (0.0 over ocean)."
fx.rootd,root_depth,rootd,m,Maximum Root Depth,"report the maximum soil depth reachable by plant roots (if defined in model), i.e., the maximum soil depth from which they can extract moisture; report as ""missing"" where the land fraction is 0."
fx.sftgif,land_ice_area_fraction,sftgif,%,Land Ice Area Percentage,"fraction of grid cell occupied by ""permanent"" ice (i.e., glaciers)."
fx.sftlaf,area_fraction,sftlaf,%,Fraction of the Grid Cell Occupied by Lake,Fraction of horizontal land grid cell area occupied by lake.
